{"cameraMode":{"drawMode":0,"name":"Shaded","section":"Shading Mode"},"sceneLighting":true,"audioPlay":false,"sceneViewState":{"showFog":true,"showMaterialUpdate":false,"showSkybox":true,"showFlares":true,"showImageEffects":true,"showParticleSystems":true},"in2DMode":false,"pivot":{"x":-0.6171382069587708,"y":10.483488082885743,"z":-3.235184907913208},"rotation":{"x":-0.42026981711387637,"y":-0.01579069346189499,"z":0.007312624249607325,"w":-0.907240092754364},"size":8.358277320861817,"orthographic":false}