{"cameraMode":{"drawMode":0,"name":"Shaded","section":"Shading Mode"},"sceneLighting":true,"audioPlay":false,"sceneViewState":{"showFog":true,"showMaterialUpdate":false,"showSkybox":true,"showFlares":true,"showImageEffects":true,"showParticleSystems":true},"in2DMode":false,"pivot":{"x":-0.7054376602172852,"y":-128.11390686035157,"z":91.98876953125},"rotation":{"x":-0.4712122678756714,"y":-0.021934865042567254,"z":0.011804204434156418,"w":-0.8817175626754761},"size":98.27313995361328,"orthographic":false}