{"cameraMode":{"drawMode":0,"name":"Shaded","section":"Shading Mode"},"sceneLighting":true,"audioPlay":false,"sceneViewState":{"showFog":true,"showMaterialUpdate":false,"showSkybox":true,"showFlares":true,"showImageEffects":true,"showParticleSystems":true},"in2DMode":false,"pivot":{"x":88.02717590332031,"y":-3.1527345180511476,"z":13.252364158630371},"rotation":{"x":-0.015679769217967988,"y":-0.675569474697113,"z":0.014428689144551754,"w":-0.7370455265045166},"size":57.9481201171875,"orthographic":false}