{"cameraMode":{"drawMode":0,"name":"Shaded","section":"Shading Mode"},"sceneLighting":true,"audioPlay":false,"sceneViewState":{"showFog":true,"showMaterialUpdate":false,"showSkybox":true,"showFlares":true,"showImageEffects":true,"showParticleSystems":true},"in2DMode":false,"pivot":{"x":446.25,"y":278.5623779296875,"z":0.1662440299987793},"rotation":{"x":-0.34542882442474368,"y":0.5040423274040222,"z":-0.22980767488479615,"w":-0.7575362920761108},"size":529.188232421875,"orthographic":false}