{"cameraMode":{"drawMode":0,"name":"Shaded","section":"Shading Mode"},"sceneLighting":true,"audioPlay":false,"sceneViewState":{"showFog":true,"showMaterialUpdate":false,"showSkybox":true,"showFlares":true,"showImageEffects":true,"showParticleSystems":true},"in2DMode":false,"pivot":{"x":-11.048904418945313,"y":-17.881248474121095,"z":2.6256184577941896},"rotation":{"x":-0.36953848600387576,"y":0.5606428384780884,"z":-0.30723461508750918,"w":-0.6743356585502625},"size":34.726806640625,"orthographic":false}