{"cameraMode":{"drawMode":0,"name":"Shaded","section":"Shading Mode"},"sceneLighting":true,"audioPlay":false,"sceneViewState":{"showFog":true,"showMaterialUpdate":false,"showSkybox":true,"showFlares":true,"showImageEffects":true,"showParticleSystems":true},"in2DMode":false,"pivot":{"x":2.8880300521850588,"y":-0.8948994278907776,"z":24.96053123474121},"rotation":{"x":-0.5423489212989807,"y":-0.013359835371375084,"z":0.008625260554254055,"w":-0.8400074243545532},"size":0.9565223455429077,"orthographic":false}