{"cameraMode":{"drawMode":0,"name":"Shaded","section":"Shading Mode"},"sceneLighting":true,"audioPlay":false,"sceneViewState":{"showFog":true,"showMaterialUpdate":false,"showSkybox":true,"showFlares":true,"showImageEffects":true,"showParticleSystems":true},"in2DMode":false,"pivot":{"x":0.39610862731933596,"y":4.541900634765625,"z":-1.579559326171875},"rotation":{"x":-0.06729400157928467,"y":0.917190670967102,"z":-0.17573758959770204,"w":-0.35121363401412966},"size":15.099491119384766,"orthographic":false}